{
  "channel_tests": {
    "AE-LD8": {
      "name": "AE-LD8",
      "clean_mse": 0.25689497590065,
      "awgn": {
        "SNR_-5": 4.838555812835693,
        "SNR_0": 1.7977253198623657,
        "SNR_5": 0.7993462085723877,
        "SNR_10": 0.44715338945388794,
        "SNR_15": 0.3215358853340149,
        "SNR_20": 0.2775351405143738
      },
      "fading_block": {
        "SNR_-5": 2.9083964824676514,
        "SNR_0": 1.574684500694275,
        "SNR_5": 1.1046538352966309,
        "SNR_10": 0.9745100736618042,
        "SNR_15": 0.9139292240142822,
        "SNR_20": 0.9030338525772095
      },
      "fading_agent": {
        "SNR_-5": 3.042247772216797,
        "SNR_0": 1.577789068222046,
        "SNR_5": 1.131555438041687,
        "SNR_10": 0.9768813848495483,
        "SNR_15": 0.9295170903205872,
        "SNR_20": 0.9129223227500916
      },
      "packet_loss": {
        "PLR_0.0": 0.25689497590065,
        "PLR_0.05": 0.35032951831817627,
        "PLR_0.1": 0.45732608437538147,
        "PLR_0.2": 0.6758447289466858,
        "PLR_0.3": 0.9570825099945068,
        "PLR_0.5": 1.8206408023834229
      },
      "burst_loss": {
        "burst_PLR_0.0": 0.25689497590065,
        "burst_PLR_0.05": 1.3954782485961914,
        "burst_PLR_0.1": 0.27606022357940674,
        "burst_PLR_0.2": 0.355489581823349,
        "burst_PLR_0.3": 0.54604572057724,
        "burst_PLR_0.5": 1.6812517642974854
      },
      "heterogeneous": {
        "het_20_20": 0.2776438295841217,
        "het_15_20": 0.27952519059181213,
        "het_10_20": 0.28188765048980713,
        "het_5_20": 0.2845238149166107,
        "het_0_20": 0.2891586720943451,
        "het_-5_20": 0.2949169874191284
      },
      "composite": {
        "SNR0_PLR0.0": 2.7636239528656006,
        "SNR0_PLR0.1": 3.1563146114349365,
        "SNR10_PLR0.0": 1.0394625663757324,
        "SNR10_PLR0.1": 1.1475143432617188,
        "SNR20_PLR0.0": 0.9212678670883179,
        "SNR20_PLR0.1": 1.0102148056030273
      }
    },
    "VAE-LD8-B1.0": {
      "name": "VAE-LD8-B1.0",
      "clean_mse": 1.6154042482376099,
      "awgn": {
        "SNR_-5": 1.815635323524475,
        "SNR_0": 1.6832866668701172,
        "SNR_5": 1.637062668800354,
        "SNR_10": 1.6218619346618652,
        "SNR_15": 1.6123945713043213,
        "SNR_20": 1.6106362342834473
      },
      "fading_block": {
        "SNR_-5": 1.7422245740890503,
        "SNR_0": 1.6663261651992798,
        "SNR_5": 1.6367348432540894,
        "SNR_10": 1.6237425804138184,
        "SNR_15": 1.6273332834243774,
        "SNR_20": 1.6278345584869385
      },
      "fading_agent": {
        "SNR_-5": 1.7238640785217285,
        "SNR_0": 1.659114122390747,
        "SNR_5": 1.635009765625,
        "SNR_10": 1.6321731805801392,
        "SNR_15": 1.6212635040283203,
        "SNR_20": 1.6276755332946777
      },
      "packet_loss": {
        "PLR_0.0": 1.6134247779846191,
        "PLR_0.05": 1.6124267578125,
        "PLR_0.1": 1.6246381998062134,
        "PLR_0.2": 1.6308088302612305,
        "PLR_0.3": 1.641048550605774,
        "PLR_0.5": 1.6826175451278687
      },
      "burst_loss": {
        "burst_PLR_0.0": 1.6088297367095947,
        "burst_PLR_0.05": 1.6152905225753784,
        "burst_PLR_0.1": 1.6245393753051758,
        "burst_PLR_0.2": 1.6214767694473267,
        "burst_PLR_0.3": 1.6395608186721802,
        "burst_PLR_0.5": 1.699371099472046
      },
      "heterogeneous": {
        "het_20_20": 1.6121175289154053,
        "het_15_20": 1.6168279647827148,
        "het_10_20": 1.6101632118225098,
        "het_5_20": 1.6129101514816284,
        "het_0_20": 1.6179949045181274,
        "het_-5_20": 1.6158779859542847
      },
      "composite": {
        "SNR0_PLR0.0": 1.7190649509429932,
        "SNR0_PLR0.1": 1.7375411987304688,
        "SNR10_PLR0.0": 1.6352943181991577,
        "SNR10_PLR0.1": 1.6408419609069824,
        "SNR20_PLR0.0": 1.626764178276062,
        "SNR20_PLR0.1": 1.631797432899475
      }
    }
  },
  "adaptive_allocation": [
    {
      "scenario": "uniform_good",
      "snrs": [
        20,
        20,
        20,
        20,
        20
      ],
      "allocation": [
        48,
        48,
        48,
        48,
        48
      ],
      "total_bits": 240,
      "mse": 5.0784194172592834e-05
    },
    {
      "scenario": "one_bad",
      "snrs": [
        20,
        20,
        20,
        20,
        0
      ],
      "allocation": [
        48,
        48,
        48,
        48,
        48
      ],
      "total_bits": 240,
      "mse": 5.0784194172592834e-05
    },
    {
      "scenario": "two_bad",
      "snrs": [
        20,
        20,
        20,
        0,
        0
      ],
      "allocation": [
        48,
        48,
        48,
        48,
        48
      ],
      "total_bits": 240,
      "mse": 5.0784194172592834e-05
    },
    {
      "scenario": "gradient",
      "snrs": [
        20,
        15,
        10,
        5,
        0
      ],
      "allocation": [
        48,
        48,
        48,
        48,
        48
      ],
      "total_bits": 240,
      "mse": 5.0784194172592834e-05
    },
    {
      "scenario": "all_poor",
      "snrs": [
        5,
        5,
        5,
        5,
        5
      ],
      "allocation": [
        48,
        48,
        48,
        48,
        48
      ],
      "total_bits": 240,
      "mse": 5.0784194172592834e-05
    }
  ]
}